{
    "mAP": 0.7028926560588895,
    "aps": {
        "aeroplane": 0.7525304005697925,
        "bicycle": 0.7960154224923142,
        "bird": 0.6590524967761021,
        "boat": 0.622970600840166,
        "bottle": 0.3734581751698271,
        "bus": 0.8097505895424433,
        "car": 0.8169469343352002,
        "cat": 0.8345518813203028,
        "chair": 0.4850969794526837,
        "cow": 0.7278798808160242,
        "diningtable": 0.7093704241221306,
        "dog": 0.7940853094601962,
        "horse": 0.8193558442456439,
        "motorbike": 0.7846808604621472,
        "person": 0.7299810005380716,
        "pottedplant": 0.3683287263379578,
        "sheep": 0.6896393953839146,
        "sofa": 0.7518054365210168,
        "train": 0.8129227663271549,
        "tvmonitor": 0.7194299964647031
    }
}