{
    "mAP": 0.6981257819324556,
    "aps": {
        "aeroplane": 0.7977062273197276,
        "bicycle": 0.7931617588392007,
        "bird": 0.6880008870120757,
        "boat": 0.6889651566198061,
        "bottle": 0.39218145092203327,
        "bus": 0.7879321350534279,
        "car": 0.8063031649826009,
        "cat": 0.7703693735726806,
        "chair": 0.47751139430649847,
        "cow": 0.757765410041047,
        "diningtable": 0.6675082263398988,
        "dog": 0.7469515961124035,
        "horse": 0.8140660764172654,
        "motorbike": 0.813629873007613,
        "person": 0.7269623951969768,
        "pottedplant": 0.3799589733690694,
        "sheep": 0.7186948384894334,
        "sofa": 0.6668275160327619,
        "train": 0.8030136012042215,
        "tvmonitor": 0.6650055838103686
    }
}