{
    "mAP": 0.7407664530457145,
    "aps": {
        "aeroplane": 0.7933835134459201,
        "bicycle": 0.8318106939177147,
        "bird": 0.7123000103185788,
        "boat": 0.7035151847200737,
        "bottle": 0.47816231398136955,
        "bus": 0.8266528081244227,
        "car": 0.8435401736354097,
        "cat": 0.8359489438566838,
        "chair": 0.5502697435597368,
        "cow": 0.7869591046250642,
        "diningtable": 0.7238715280533847,
        "dog": 0.7960070165012206,
        "horse": 0.8242535476014372,
        "motorbike": 0.8243901242997479,
        "person": 0.7712019653011764,
        "pottedplant": 0.43147853797796754,
        "sheep": 0.780574745789487,
        "sofa": 0.7280230906872319,
        "train": 0.8420194847077414,
        "tvmonitor": 0.7309665298099206
    }
}