{
    "mAP": 0.6781792006855281,
    "aps": {
        "aeroplane": 0.7057743612907056,
        "bicycle": 0.7711442793438072,
        "bird": 0.6552658636396191,
        "boat": 0.6028458617315422,
        "bottle": 0.37896623040974936,
        "bus": 0.8080578441405758,
        "car": 0.8121116733671764,
        "cat": 0.8029226709453219,
        "chair": 0.47137335368490624,
        "cow": 0.7065991235051058,
        "diningtable": 0.6762725694813444,
        "dog": 0.7696196564412228,
        "horse": 0.7974453908910933,
        "motorbike": 0.7694360049885572,
        "person": 0.7192653109176349,
        "pottedplant": 0.31693601820692463,
        "sheep": 0.6460313331590436,
        "sofa": 0.7089712947040281,
        "train": 0.7713471215453694,
        "tvmonitor": 0.673198051316835
    }
}