{
    "mAP": 0.7370560886968307,
    "aps": {
        "aeroplane": 0.8000817096612637,
        "bicycle": 0.8258186977049963,
        "bird": 0.7266905423554693,
        "boat": 0.7108576699322127,
        "bottle": 0.46086160728978404,
        "bus": 0.8362759357148409,
        "car": 0.8451878978507116,
        "cat": 0.8193229250313353,
        "chair": 0.5382063517775467,
        "cow": 0.764156546601717,
        "diningtable": 0.7142568781773623,
        "dog": 0.7843585006205757,
        "horse": 0.8453309396094257,
        "motorbike": 0.8365661717376494,
        "person": 0.7629930969608183,
        "pottedplant": 0.4404814325254175,
        "sheep": 0.770587335777469,
        "sofa": 0.700661528194921,
        "train": 0.842926986685766,
        "tvmonitor": 0.7154990197273299
    }
}