{
    "mAP": 0.6376917959127246,
    "aps": {
        "aeroplane": 0.7086495518354696,
        "bicycle": 0.7441325222415821,
        "bird": 0.5836856340969999,
        "boat": 0.5248565869659545,
        "bottle": 0.3386755135196856,
        "bus": 0.7311705784851208,
        "car": 0.7862166091159895,
        "cat": 0.7863967857406559,
        "chair": 0.4257908985699459,
        "cow": 0.623206929629978,
        "diningtable": 0.6134554412565334,
        "dog": 0.7134851393489711,
        "horse": 0.7647179221356466,
        "motorbike": 0.7286301109429975,
        "person": 0.7002417184477429,
        "pottedplant": 0.2972943896016436,
        "sheep": 0.6312844250986217,
        "sofa": 0.6658727283064165,
        "train": 0.7363921075111821,
        "tvmonitor": 0.6496803254033544
    }
}