{
    "mAP": 0.6985740731444675,
    "aps": {
        "aeroplane": 0.770283565670803,
        "bicycle": 0.8088228743830247,
        "bird": 0.6957712634910214,
        "boat": 0.673059048714929,
        "bottle": 0.40625095682791373,
        "bus": 0.8066629466134776,
        "car": 0.8182338383602068,
        "cat": 0.7779492201089608,
        "chair": 0.45864667245051455,
        "cow": 0.7609688700328814,
        "diningtable": 0.6558007402801346,
        "dog": 0.7246046016895752,
        "horse": 0.8325994155971208,
        "motorbike": 0.7884284088793534,
        "person": 0.7283364839184814,
        "pottedplant": 0.3992582142808652,
        "sheep": 0.7306329564127432,
        "sofa": 0.6514751497848703,
        "train": 0.8283254205181668,
        "tvmonitor": 0.6553708148743062
    }
}