method,round,labeled,unlabeled,mAP
cdal,1,2000,14551,0.6278303406096694
cdal,2,3000,13551,0.6564980416618507
cdal,3,4000,12551,0.6810144223563706
cdal,4,5000,11551,0.6981257819324556
cdal,5,6000,10551,0.6985740731444675
cdal,6,7000,9551,0.7257382046233645
cdal,7,8000,8551,0.7370560886968307
