method,round,labeled,unlabeled,mAP
cdal,1,2000,14551,0.6278303406096694
cdal,2,3000,13551,0.6564980416618507
random,1,2000,14551,0.5994156265716645
random,2,3000,13551,0.6376917959127246
random,3,4000,12551,0.6781792006855281
random,4,5000,11551,0.6941755466760344
random,5,6000,10551,0.7028926560588895
random,6,7000,9551,0.7157120393900336
random,7,8000,8551,0.7266967972117293
random,8,9000,7551,0.7349950897647541
random,9,10000,6551,0.7399432283235463
