method,round,aeroplane,bicycle,bird,boat,bottle,bus,car,cat,chair,cow,diningtable,dog,horse,motorbike,person,pottedplant,sheep,sofa,train,tvmonitor
cdal,1,0.7344788355472772,0.7243750626716702,0.607369844400237,0.5598549744119815,0.3184118108585991,0.7002918736113348,0.7485050986623845,0.7562296038672351,0.4084322474480258,0.6754074689133053,0.5825688948088791,0.6575810355950992,0.7428832342861548,0.7330290797066301,0.6798064284417906,0.2895613672055478,0.668718395670891,0.6330663203943866,0.7344636153641552,0.6015716203278003
cdal,2,0.7638048553879825,0.7766796968865795,0.6502901417177768,0.6128558167778527,0.33022078469979105,0.7487226253999787,0.7846903799539219,0.7824452735448113,0.420177796474075,0.7014181404423064,0.6245975426023648,0.6920408206174428,0.7769848775988039,0.7867988693738087,0.7011575616863843,0.29887335576478535,0.6734854784280406,0.6103710599057214,0.7663808418787349,0.6279649140958508
