method,round,aeroplane,bicycle,bird,boat,bottle,bus,car,cat,chair,cow,diningtable,dog,horse,motorbike,person,pottedplant,sheep,sofa,train,tvmonitor
cdal,1,0.7344788355472772,0.7243750626716702,0.607369844400237,0.5598549744119815,0.31841181085859915,0.7002918736113348,0.7485050986623845,0.7562296038672351,0.4084322474480258,0.6754074689133053,0.5825688948088791,0.6575810355950992,0.7428832342861548,0.7330290797066301,0.6798064284417906,0.2895613672055478,0.668718395670891,0.6330663203943866,0.7344636153641552,0.6015716203278003
