{
    "mAP": 0.5362325861017594,
    "aps": {
        "aeroplane": 0.6035126684185317,
        "bicycle": 0.5787142098022986,
        "bird": 0.48538533488237845,
        "boat": 0.4083615495323364,
        "bottle": 0.23957241735256118,
        "bus": 0.6538351210302823,
        "car": 0.7196061973603793,
        "cat": 0.7288567351996895,
        "chair": 0.3020867028804034,
        "cow": 0.5230659353390534,
        "diningtable": 0.5103960039568342,
        "dog": 0.6073215961525679,
        "horse": 0.6519194034228476,
        "motorbike": 0.6364180488989112,
        "person": 0.6237738314168374,
        "pottedplant": 0.17632849792005434,
        "sheep": 0.510656617281696,
        "sofa": 0.5492784583228295,
        "train": 0.6888899491043549,
        "tvmonitor": 0.5266724437603357
    }
}