{
    "mAP": 0.7399432283235463,
    "aps": {
        "aeroplane": 0.7743390539380381,
        "bicycle": 0.8242864830626414,
        "bird": 0.7068735005649238,
        "boat": 0.6802721810463312,
        "bottle": 0.4594673171379849,
        "bus": 0.8387579491245072,
        "car": 0.8435285917375692,
        "cat": 0.8508532700263096,
        "chair": 0.5471448732457371,
        "cow": 0.7684319170409183,
        "diningtable": 0.7383602898179944,
        "dog": 0.8169655558340461,
        "horse": 0.8422459805262998,
        "motorbike": 0.8215843616568752,
        "person": 0.7619456442409297,
        "pottedplant": 0.4491429127087743,
        "sheep": 0.7212248778052321,
        "sofa": 0.7699359390172089,
        "train": 0.8456448069023533,
        "tvmonitor": 0.7378590610362515
    }
}