{
    "mAP": 0.6810144223563706,
    "aps": {
        "aeroplane": 0.7581193786340845,
        "bicycle": 0.7687878766941069,
        "bird": 0.664943628696647,
        "boat": 0.6727544564561125,
        "bottle": 0.3742904263128279,
        "bus": 0.7684404604945916,
        "car": 0.8039096098244793,
        "cat": 0.7853652391311576,
        "chair": 0.4419135980218313,
        "cow": 0.7513990083925497,
        "diningtable": 0.6237195363676373,
        "dog": 0.7048416640075971,
        "horse": 0.8209235531746233,
        "motorbike": 0.7954115513813248,
        "person": 0.722045175906796,
        "pottedplant": 0.36317718447677677,
        "sheep": 0.7089678554968921,
        "sofa": 0.6683154271786311,
        "train": 0.7876587078294118,
        "tvmonitor": 0.6353041086493311
    }
}