{
    "mAP": 0.6564980416618507,
    "aps": {
        "aeroplane": 0.7638048553879825,
        "bicycle": 0.7766796968865795,
        "bird": 0.6502901417177768,
        "boat": 0.6128558167778527,
        "bottle": 0.33022078469979105,
        "bus": 0.7487226253999787,
        "car": 0.7846903799539219,
        "cat": 0.7824452735448113,
        "chair": 0.420177796474075,
        "cow": 0.7014181404423064,
        "diningtable": 0.6245975426023648,
        "dog": 0.6920408206174428,
        "horse": 0.7769848775988039,
        "motorbike": 0.7867988693738087,
        "person": 0.7011575616863843,
        "pottedplant": 0.29887335576478535,
        "sheep": 0.6734854784280406,
        "sofa": 0.6103710599057214,
        "train": 0.7663808418787349,
        "tvmonitor": 0.6279649140958508
    }
}