{
    "mAP": 0.7487838192217355,
    "aps": {
        "aeroplane": 0.7998022562878375,
        "bicycle": 0.8384898952646511,
        "bird": 0.7277247574786739,
        "boat": 0.7082663275865945,
        "bottle": 0.4995102769692016,
        "bus": 0.8321354161713375,
        "car": 0.8494021834547834,
        "cat": 0.8473045633417119,
        "chair": 0.5509071765925819,
        "cow": 0.795380411675684,
        "diningtable": 0.7216191309539998,
        "dog": 0.8067389874883174,
        "horse": 0.8372687039304454,
        "motorbike": 0.8408073035955242,
        "person": 0.7652251568769487,
        "pottedplant": 0.48060075138582203,
        "sheep": 0.7478499780390317,
        "sofa": 0.7437138819447942,
        "train": 0.8522480552205208,
        "tvmonitor": 0.7306811701762492
    }
}