epoch,lr,loc_loss,conf_loss,total_loss,mAP
1,0.001,2.8445338294619607,10.899180510687449,13.74371434014941,
2,0.001,2.6567168992663186,7.339287530808222,9.99600443007454,
3,0.001,2.5211072195143926,6.724166075388591,9.245273294902983,
4,0.001,2.425039775787838,7.434607399834527,9.859647175622365,
5,0.001,2.33067514404418,5.64180130428738,7.972476448331561,
6,0.001,2.2040399180518255,5.705299513680594,7.90933943173242,
