{
    "mAP": 0.7349950897647541,
    "aps": {
        "aeroplane": 0.7526858149190792,
        "bicycle": 0.8090186044021367,
        "bird": 0.69596068062897,
        "boat": 0.6720118092639815,
        "bottle": 0.45194246729213255,
        "bus": 0.8151711763047341,
        "car": 0.838765222892484,
        "cat": 0.8673343518471904,
        "chair": 0.5466150586509474,
        "cow": 0.7627176853618295,
        "diningtable": 0.699927366148132,
        "dog": 0.8162834998742416,
        "horse": 0.8454011773336035,
        "motorbike": 0.8216504651926647,
        "person": 0.757728242419994,
        "pottedplant": 0.4527176299371591,
        "sheep": 0.7330766660676654,
        "sofa": 0.7765713414813112,
        "train": 0.8386565477829675,
        "tvmonitor": 0.7456659874938597
    }
}