{
    "mAP": 0.5994156265716645,
    "aps": {
        "aeroplane": 0.6773138639306961,
        "bicycle": 0.7084351532239292,
        "bird": 0.5550630217695554,
        "boat": 0.48449446780250066,
        "bottle": 0.28270675235077064,
        "bus": 0.7100173711832891,
        "car": 0.7591562981837556,
        "cat": 0.7624798675228793,
        "chair": 0.38445194147875694,
        "cow": 0.5824682035908378,
        "diningtable": 0.5744572484770942,
        "dog": 0.6627626898692202,
        "horse": 0.726146941940694,
        "motorbike": 0.7172946358708214,
        "person": 0.6713015014639586,
        "pottedplant": 0.23865385612762588,
        "sheep": 0.5675748572584928,
        "sofa": 0.607679951524544,
        "train": 0.7135177154150109,
        "tvmonitor": 0.602336192448858
    }
}