{
    "mAP": 0.6941755466760344,
    "aps": {
        "aeroplane": 0.7601710846268512,
        "bicycle": 0.7684964917045607,
        "bird": 0.6575963794138461,
        "boat": 0.6271361904663763,
        "bottle": 0.35520538799820667,
        "bus": 0.7919450419203861,
        "car": 0.8120767881173547,
        "cat": 0.8351751086244172,
        "chair": 0.4985559177861012,
        "cow": 0.702236252242436,
        "diningtable": 0.697070718925536,
        "dog": 0.7806913823564173,
        "horse": 0.8204534507385071,
        "motorbike": 0.7905039367372807,
        "person": 0.7219162789981262,
        "pottedplant": 0.3516457802303399,
        "sheep": 0.6774882358334486,
        "sofa": 0.7327961123732848,
        "train": 0.7972472217905149,
        "tvmonitor": 0.7051031726366978
    }
}