{
    "mAP": 0.7266967972117293,
    "aps": {
        "aeroplane": 0.7538176551003668,
        "bicycle": 0.8013367666214763,
        "bird": 0.6983295118716957,
        "boat": 0.6575913997519748,
        "bottle": 0.41088313628553896,
        "bus": 0.8208688741107155,
        "car": 0.8341559268427298,
        "cat": 0.8532812891640396,
        "chair": 0.5271400882750459,
        "cow": 0.7729490997826381,
        "diningtable": 0.7377873145945669,
        "dog": 0.8117424208594716,
        "horse": 0.8345201273580429,
        "motorbike": 0.8160813112355765,
        "person": 0.7490127713582778,
        "pottedplant": 0.4413586774984173,
        "sheep": 0.710561650014303,
        "sofa": 0.75100163645365,
        "train": 0.8221943436521243,
        "tvmonitor": 0.7293219434039345
    }
}