{
    "mAP": 0.7257382046233645,
    "aps": {
        "aeroplane": 0.7864595482566893,
        "bicycle": 0.823968356567554,
        "bird": 0.7183602835965107,
        "boat": 0.6941018493220227,
        "bottle": 0.43479307775721865,
        "bus": 0.8285278609137842,
        "car": 0.8421188586330518,
        "cat": 0.8383489103533788,
        "chair": 0.5147949791260952,
        "cow": 0.7656229782511131,
        "diningtable": 0.6952731908551815,
        "dog": 0.7851233573380674,
        "horse": 0.8233601830667885,
        "motorbike": 0.8380762357670167,
        "person": 0.75150564652907,
        "pottedplant": 0.42674788048803086,
        "sheep": 0.7439185501588613,
        "sofa": 0.6684079585708491,
        "train": 0.836425797558569,
        "tvmonitor": 0.698828589357438
    }
}