{
    "mAP": 0.7157120393900336,
    "aps": {
        "aeroplane": 0.7703945673922229,
        "bicycle": 0.7813757186919859,
        "bird": 0.6785901727496679,
        "boat": 0.6327223109270681,
        "bottle": 0.4020157582428297,
        "bus": 0.8190795707448908,
        "car": 0.8355947522705082,
        "cat": 0.8532538893788282,
        "chair": 0.5161844824590592,
        "cow": 0.7505820183301835,
        "diningtable": 0.7077509895231432,
        "dog": 0.8058234762809688,
        "horse": 0.8182661192764537,
        "motorbike": 0.795525430264247,
        "person": 0.7344311587742549,
        "pottedplant": 0.3950338958890632,
        "sheep": 0.7277152298983572,
        "sofa": 0.7450767558826636,
        "train": 0.8193006291849726,
        "tvmonitor": 0.7255238616392986
    }
}