{
    "mAP": 0.6278303406096694,
    "aps": {
        "aeroplane": 0.7344788355472772,
        "bicycle": 0.7243750626716702,
        "bird": 0.607369844400237,
        "boat": 0.5598549744119815,
        "bottle": 0.31841181085859915,
        "bus": 0.7002918736113348,
        "car": 0.7485050986623845,
        "cat": 0.7562296038672351,
        "chair": 0.4084322474480258,
        "cow": 0.6754074689133053,
        "diningtable": 0.5825688948088791,
        "dog": 0.6575810355950992,
        "horse": 0.7428832342861548,
        "motorbike": 0.7330290797066301,
        "person": 0.6798064284417906,
        "pottedplant": 0.2895613672055478,
        "sheep": 0.668718395670891,
        "sofa": 0.6330663203943866,
        "train": 0.7344636153641552,
        "tvmonitor": 0.6015716203278003
    }
}